10 Things I Hate About You,7.2,70,6.1,62,38,24,69,3.3
12,7.8,72,6.8,58,44,14,84,3.5
12 and Holding,7.6,65,6.7,77,56,21,79,3.3
12 Monkeys,7.6,N/A,N/A,N/A,N/A,N/A,N/A,N/A
12 Years a Slave,8.1,97,9.0,300,287,13,90,4.3
127 Hours,7.6,82,8.3,217,202,15,85,4.0
1492: Conquest of Paradise,6.5,N/A,4.0,18,7,11,51,3.1
15 Minutes,6.1,34,4.4,123,40,83,38,2.9
17 Again,6.4,48,5.4,142,78,64,67,3.6
187,5.6,N/A,N/A,N/A,N/A,N/A,81,3.9
2001: A Space Odyssey,8.3,86,9.1,78,73,5,89,3.8
2012,5.8,49,5.0,238,94,144,47,3.2
25th Hour,7.7,67,7.2,166,129,37,85,3.7
30 Minutes or Less,6.1,49,5.4,159,70,89,40,3.1
42,7.5,62,6.8,178,140,38,86,4.1
44 Inch Chest,5.8,47,5.2,81,33,48,36,2.8
48 Hrs.,6.9,71,7.3,39,36,3,69,3.2
50-50,6.0,N/A,N/A,N/A,N/A,N/A,N/A,N/A
500 Days of Summer,7.8,76,7.6,214,183,31,84,3.8
8 Mile,7.0,77,6.8,206,157,49,54,3.1
8MM,6.5,19,4.2,78,17,61,52,3.0
9,N/A,N/A,N/A,N/A,N/A,N/A,N/A,N/A
A Few Good Men,7.6,62,7.0,57,46,11,89,3.6
A Serious Man,7.0,79,7.9,209,187,22,67,3.5
A.I.,7.1,65,6.6,190,139,51,64,3.1
Above the Law,5.9,N/A,5.1,16,8,8,49,2.8
Absolute Power,6.7,52,5.5,42,19,23,52,3.2
"Abyss, The",N/A,N/A,N/A,N/A,N/A,N/A,N/A,N/A
Ace Ventura: Pet Detective,6.9,37,4.5,51,23,28,57,3.1
Adaptation,N/A,N/A,N/A,N/A,N/A,N/A,N/A,N/A
"Addams Family, The",N/A,N/A,N/A,N/A,N/A,N/A,N/A,N/A
"Adjustment Bureau, The",N/A,N/A,N/A,N/A,N/A,N/A,N/A,N/A
"Adventures of Buckaroo Banzai Across the Eighth Dimension, The",N/A,N/A,N/A,N/A,N/A,N/A,N/A,N/A
Affliction,7.0,79,7.7,47,41,6,72,3.5
After School Special,4.9,N/A,N/A,N/A,N/A,N/A,26,2.8
After.Life,5.9,36,4.5,54,14,40,32,2.8
Agnes of God,6.6,N/A,5.5,28,13,15,55,3.2
Air Force One,6.4,61,7.0,54,42,12,66,3.2
Airplane,7.8,N/A,8.4,58,56,2,89,3.6
Airplane 2: The Sequel,N/A,N/A,N/A,N/A,N/A,N/A,N/A,N/A
Aladdin,8.0,N/A,8.1,68,64,4,92,3.7
Ali,6.8,65,6.3,149,100,49,65,3.3
Alien,8.5,83,9.0,100,97,3,94,3.9
Alien 3,6.9,N/A,N/A,N/A,N/A,N/A,N/A,N/A
Alien Nation,6.3,45,5.4,26,14,12,44,3.0
Alien vs. Predator,6.9,N/A,N/A,N/A,N/A,N/A,N/A,N/A
Alien: Resurrection,6.3,63,5.8,71,38,33,40,3.0
Aliens,8.4,87,9.0,62,61,1,94,3.8
All About Eve,8.3,N/A,9.1,63,63,0,94,4.3
All About Steve,4.8,17,2.6,135,9,126,30,2.8
All the King's Men,6.2,37,N/A,N/A,N/A,N/A,N/A,N/A
All the President's Men,8.0,N/A,9.1,54,50,4,92,3.9
Almost Famous,7.9,90,7.9,165,146,19,92,3.7
Alone in the Dark,2.3,9,1.7,117,1,116,10,2.0
Amadeus,8.3,93,8.7,83,79,4,95,3.9
Amelia,5.8,37,4.4,157,32,125,31,2.8
American Beauty,8.4,86,8.2,180,159,21,93,3.8
American Gangster,7.8,76,7.0,209,167,42,87,4.0
American Graffiti,7.5,N/A,8.4,43,41,2,84,3.6
American History X,8.6,62,7.3,82,68,14,96,4.2
American Hustle,7.3,90,8.2,254,236,18,74,3.8
American Madness,7.5,N/A,N/A,N/A,N/A,N/A,86,3.9
American Outlaws,6.0,25,3.6,103,14,89,68,3.2
American Pie,7.0,58,5.8,123,75,48,61,3.4
"American President, The",N/A,N/A,N/A,N/A,N/A,N/A,N/A,N/A
American Psycho,7.6,64,6.2,142,95,47,85,3.6
American Shaolin: King of Kickboxers II,N/A,N/A,N/A,N/A,N/A,N/A,N/A,N/A
American Splendor,7.5,90,8.3,181,170,11,86,3.7
American Werewolf in London,7.6,60,7.8,46,41,5,85,3.4
"American, The",7.8,55,7.1,57,47,10,86,4.0
"Amityville Asylum, The",N/A,N/A,N/A,N/A,N/A,N/A,N/A,N/A
Amour,7.9,94,8.7,198,184,14,82,4.0
An Education,7.3,85,7.9,180,170,10,80,3.8
Analyze That,5.9,37,4.8,149,40,109,39,2.9
Analyze This,6.7,61,6.5,101,70,31,62,3.1
Anastasia,7.1,59,7.1,52,44,8,77,3.3
Angel Eyes,5.6,39,N/A,N/A,N/A,N/A,100,4.1
Angels & Demons,6.7,48,5.1,249,92,157,57,3.4
Anna Karenina,6.6,63,6.5,177,111,66,50,3.2
Annie Hall,8.1,N/A,8.9,66,65,1,93,3.9
"Anniversary Party, The",N/A,N/A,N/A,N/A,N/A,N/A,N/A,N/A
Anonymous,6.9,50,5.5,168,78,90,53,3.3
Antitrust,6.1,31,4.0,106,25,81,50,2.8
Antz,6.6,72,7.7,89,85,4,51,3.0
"Apartment, The",N/A,N/A,N/A,N/A,N/A,N/A,N/A,N/A
Apocalypse Now,8.5,90,8.9,78,76,2,94,4.1
Apollo 13,7.6,77,8.2,85,81,4,86,3.6
April Fool's Day,6.2,N/A,N/A,N/A,N/A,N/A,N/A,N/A
Apt Pupil,6.7,51,6.0,55,29,26,57,3.1
Arbitrage,6.6,73,7.0,154,133,21,62,3.5
Arcade,5.4,N/A,N/A,N/A,N/A,N/A,32,2.8
Arctic Blue,5.1,N/A,N/A,N/A,N/A,N/A,18,2.6
Argo,7.8,86,8.4,304,291,13,90,4.2
Armageddon,6.6,42,5.2,115,45,70,73,3.5
Army of Darkness,7.6,57,6.9,46,33,13,87,3.8
Arsenic and Old Lace,8.1,N/A,7.6,25,22,3,92,4.0
Arthur,5.8,36,4.4,188,48,140,44,3.1
"Artist, The",N/A,N/A,N/A,N/A,N/A,N/A,N/A,N/A
As Good As It Gets,7.7,67,7.2,76,65,11,87,3.5
Assassins,6.3,N/A,3.7,46,7,39,45,3.0
"Assignment, The",N/A,N/A,N/A,N/A,N/A,N/A,N/A,N/A
At First Sight,5.9,40,5.2,38,12,26,46,2.9
August: Osage County,7.3,58,6.4,179,115,64,65,3.6
Austin Powers - International Man of Mystery,7.0,51,6.4,60,42,18,77,3.4
Austin Powers - The Spy Who Shagged Me,6.6,59,6.0,85,43,42,71,3.3
Authors Anonymous,4.3,16,3.1,14,1,13,15,2.2
Autumn in New York,5.5,24,4.1,71,14,57,54,2.9
Avatar,7.9,83,7.4,293,244,49,82,4.1
"Avengers, The",N/A,N/A,N/A,N/A,N/A,N/A,N/A,N/A
"Avengers, The (2012)",N/A,N/A,N/A,N/A,N/A,N/A,N/A,N/A
"Avventura, L' (The Adventure)",N/A,N/A,N/A,N/A,N/A,N/A,N/A,N/A
Awakenings,7.8,74,6.7,33,29,4,89,3.7
Babel,7.5,69,6.7,195,135,60,77,3.5
Bachelor Party,6.3,N/A,5.4,25,13,12,57,3.0
"Bachelor Party, The",N/A,N/A,N/A,N/A,N/A,N/A,N/A,N/A
Back to the Future,8.5,86,8.7,77,74,3,94,3.8
Back to the Future II & III,8.2,N/A,N/A,N/A,N/A,N/A,N/A,N/A
"Back-up Plan, The",N/A,N/A,N/A,N/A,N/A,N/A,N/A,N/A
Backdraft,6.7,38,6.1,42,30,12,75,3.4
Bad Boys,6.8,41,4.9,47,20,27,78,3.5
Bad Country,5.8,N/A,N/A,N/A,N/A,N/A,41,3.1
Bad Day at Black Rock,7.8,N/A,8.1,29,28,1,88,3.9
Bad Dreams,5.6,N/A,3.4,9,1,8,41,3.1
Bad Lieutenant,7.1,67,7.0,39,30,9,73,3.5
Bad Santa,7.1,70,6.7,213,166,47,75,3.2
Bad Teacher,5.7,47,5.3,181,79,102,36,2.9
Badlands,7.9,90,8.9,50,49,1,91,4.1
Bamboozled,6.5,50,5.4,97,47,50,74,3.6
Barry Lyndon,8.1,N/A,8.0,52,50,2,92,4.1
Barton Fink,7.7,69,7.6,54,49,5,89,3.9
Basic,6.5,34,4.5,142,30,112,63,3.2
Basic Instinct,6.9,41,5.9,59,32,27,63,3.1
Basquiat,6.9,65,N/A,N/A,N/A,N/A,20,2.2
Batman,7.6,69,6.6,68,49,19,84,3.5
Batman 2,8.4,N/A,N/A,N/A,N/A,N/A,N/A,N/A
Batman and Robin,6.3,N/A,N/A,N/A,N/A,N/A,43,3.2
Batman Begins,8.3,70,7.7,267,226,41,94,3.9
Batman Forever,5.4,51,5.2,58,24,34,33,2.9
Batman Returns,7.0,68,6.7,70,56,14,73,3.3
"Battle of Algiers, The",N/A,N/A,N/A,N/A,N/A,N/A,N/A,N/A
"Battle of Shaker Heights, The",N/A,N/A,N/A,N/A,N/A,N/A,N/A,N/A
Battle: Los Angeles,4.9,N/A,N/A,N/A,N/A,N/A,N/A,N/A
"Beach, The",4.7,N/A,N/A,N/A,N/A,N/A,N/A,N/A
Bean,6.3,52,5.3,31,13,18,53,2.9
Beasts of the Southern Wild,7.3,86,8.2,184,158,26,76,3.8
Beavis and Butt-head Do America,6.8,64,6.2,54,39,15,69,3.0
Beginners,7.2,81,7.3,149,125,24,77,3.8
Being Human,7.5,N/A,N/A,N/A,N/A,N/A,N/A,N/A
Being John Malkovich,7.8,90,8.1,123,114,9,87,3.6
Being There,8.0,N/A,8.5,46,44,2,92,4.1
"Believer, The",N/A,N/A,N/A,N/A,N/A,N/A,N/A,N/A
Beloved,5.9,57,7.1,67,52,15,71,3.4
Benny & Joon,8.8,N/A,N/A,N/A,N/A,N/A,N/A,N/A
"Best Exotic Marigold Hotel, The",N/A,N/A,N/A,N/A,N/A,N/A,N/A,N/A
Big,7.3,72,7.9,72,70,2,82,3.5
"Big Blue, The",N/A,N/A,N/A,N/A,N/A,N/A,N/A,N/A
Big Fish,8.0,58,7.2,214,164,50,89,3.7
"Big Lebowski, The",N/A,N/A,N/A,N/A,N/A,N/A,N/A,N/A
"Big White, The",N/A,N/A,N/A,N/A,N/A,N/A,N/A,N/A
"Birds, The",7.7,N/A,N/A,N/A,N/A,N/A,89,3.9
Birthday Girl,6.1,51,5.7,122,71,51,40,2.8
"Black Dahlia, The",N/A,N/A,N/A,N/A,N/A,N/A,N/A,N/A
Black Rain,6.6,N/A,5.3,21,11,10,55,3.1
Black Snake Moan,7.0,52,6.4,157,104,53,69,3.3
Black Swan,8.0,79,8.2,275,238,37,84,4.0
Blade,7.1,45,5.7,93,50,43,78,3.6
Blade II,6.7,52,5.9,146,83,63,68,3.4
Blade Runner,8.2,88,8.5,104,93,11,91,4.0
Blade: Trinity,5.9,38,4.4,165,42,123,59,3.4
"Blast from the Past, The",N/A,N/A,N/A,N/A,N/A,N/A,N/A,N/A
"Blind Side, The",N/A,N/A,N/A,N/A,N/A,N/A,N/A,N/A
"Bling Ring, The",N/A,N/A,N/A,N/A,N/A,N/A,N/A,N/A
Blood and Wine,6.1,N/A,6.1,31,19,12,35,3.0
Blood Simple,N/A,N/A,N/A,N/A,N/A,N/A,N/A,N/A
Blow,7.6,52,5.8,136,75,61,87,3.8
Blue Valentine,7.4,81,7.8,194,170,24,77,3.7
Blue Velvet,7.8,75,8.7,62,58,4,89,4.0
"Blues Brothers, The",N/A,N/A,N/A,N/A,N/A,N/A,N/A,N/A
"Bodies, Rest & Motion",5.6,N/A,4.9,29,15,14,50,3.0
Body Heat,7.4,78,8.0,37,36,1,80,3.6
Body of Evidence,4.3,N/A,2.7,34,2,32,22,2.4
Bodyguard,4.5,41,N/A,N/A,N/A,N/A,N/A,N/A
Bones,8.0,N/A,N/A,N/A,N/A,N/A,N/A,N/A
Bonfire of the Vanities,5.4,N/A,3.9,50,8,42,27,2.6
Bonnie and Clyde,7.9,81,8.2,51,46,5,88,3.8
Boogie Nights,7.9,85,8.1,65,60,5,89,3.6
"Book of Eli, The",N/A,N/A,N/A,N/A,N/A,N/A,N/A,N/A
Boondock Saints 2: All Saints Day,N/A,N/A,N/A,N/A,N/A,N/A,N/A,N/A
"Boondock Saints, The",N/A,N/A,N/A,N/A,N/A,N/A,N/A,N/A
Bottle Rocket,7.1,65,6.8,65,55,10,80,3.7
Bound,7.4,61,7.8,37,34,3,82,3.5
"Bounty Hunter, The",N/A,N/A,N/A,N/A,N/A,N/A,N/A,N/A
"Bourne Identity, The",N/A,N/A,N/A,N/A,N/A,N/A,N/A,N/A
"Bourne Supremacy, The",N/A,N/A,N/A,N/A,N/A,N/A,N/A,N/A
"Bourne Ultimatum, The",8.5,N/A,N/A,N/A,N/A,N/A,N/A,N/A
"Box, The",6.9,N/A,N/A,N/A,N/A,N/A,N/A,N/A
Braveheart,8.4,68,7.2,65,51,14,85,3.8
Brazil,8.0,88,8.7,46,45,1,90,4.1
Break,4.1,N/A,N/A,N/A,N/A,N/A,22,3.0
Breakdown,6.9,73,7.1,50,40,10,66,3.1
"Breakfast Club, The",N/A,N/A,N/A,N/A,N/A,N/A,N/A,N/A
Breaking Away,7.7,N/A,8.2,35,33,2,88,3.9
Brick,7.4,72,7.1,138,110,28,86,3.9
Bridesmaids,6.8,75,7.6,265,238,27,76,3.9
Bringing Out the Dead,6.8,70,6.7,105,75,30,70,3.2
Broadcast News,7.2,84,8.1,41,40,1,78,3.6
Broken Arrow,6.0,61,5.8,30,16,14,44,2.9
Broken Embraces,7.2,76,7.0,147,119,28,75,3.7
"Brothers Bloom, The",N/A,N/A,N/A,N/A,N/A,N/A,N/A,N/A
Bruce Almighty,6.7,46,5.6,184,89,95,57,3.3
Buffy the Vampire Slayer,8.2,N/A,N/A,N/A,N/A,N/A,N/A,N/A
Bull Durham,7.1,73,7.8,63,61,2,83,3.4
Buried,7.0,65,7.3,151,131,20,64,3.4
Burlesque,6.4,47,4.8,148,54,94,64,3.6
Burn After Reading,7.0,63,6.9,227,178,49,64,3.3
Burning Annie,5.6,38,4.6,7,2,5,31,2.8
"Butterfly Effect, The",6.2,N/A,N/A,N/A,N/A,N/A,N/A,N/A
Cable Guy,6.0,N/A,5.5,57,31,26,51,2.8
Candle to Water,4.6,N/A,N/A,N/A,N/A,N/A,N/A,0.0
Capote,7.4,88,8.2,182,164,18,81,3.6
Carrie,7.4,N/A,8.4,54,50,4,76,3.4
Cars 2,6.3,57,5.5,205,80,125,50,3.3
Casablanca,8.6,N/A,9.3,73,71,2,95,4.1
Case 39,6.2,25,4.0,74,16,58,40,3.0
Casino,8.2,73,7.2,61,49,12,93,3.9
Cast Away,7.7,73,7.4,154,138,16,83,3.5
Catch Me If You Can,8.0,76,7.9,195,187,8,89,3.6
Catwoman,3.3,27,3.1,195,17,178,18,2.2
Cecil B. Demented,6.2,57,5.6,80,42,38,67,3.4
Cedar Rapids,6.3,70,6.7,160,137,23,59,3.3
Celeste & Jesse Forever,6.9,N/A,N/A,N/A,N/A,N/A,N/A,N/A
"Cell, The",8.2,N/A,N/A,N/A,N/A,N/A,N/A,N/A
Cellular,6.5,60,5.8,148,81,67,59,3.1
"Change-Up, The",N/A,N/A,N/A,N/A,N/A,N/A,N/A,N/A
Changeling,7.8,63,6.3,197,122,75,82,3.8
Chaos,6.5,N/A,N/A,N/A,N/A,N/A,57,3.4
Charade,8.0,N/A,8.1,36,33,3,92,4.1
Charlie's Angels,5.5,52,6.2,141,95,46,45,2.9
Chasing Amy,7.4,71,7.4,83,73,10,83,3.5
Chasing Sleep,6.5,N/A,5.9,6,3,3,47,3.0
Cherry Falls,5.0,N/A,6.0,14,7,7,31,2.7
Chinatown,8.2,86,9.3,61,60,1,93,4.2
Christ Complex,6.7,N/A,N/A,N/A,N/A,N/A,100,4.8
Chronicle,7.1,69,7.1,166,141,25,71,3.7
"Chronicles of Narnia: The Lion, the Witch and the Wardrobe",6.9,75,6.9,210,160,50,61,3.1
"Cider House Rules, The",5.4,N/A,N/A,N/A,N/A,N/A,N/A,N/A
"Cincinnati Kid, The",N/A,N/A,N/A,N/A,N/A,N/A,N/A,N/A
Cinema Paradiso,8.5,80,8.0,67,60,7,97,4.4
Cirque du Freak: The Vampire's Assistant,6.0,43,4.9,135,51,84,42,2.7
Citizen Kane,8.4,N/A,9.4,71,71,0,90,4.1
City of Joy,6.4,N/A,5.0,14,8,6,76,3.4
Clash of the Titans,5.8,39,4.3,239,67,172,39,3.1
Clerks,7.8,70,7.4,49,43,6,89,3.8
Cliffhanger,6.4,60,6.2,49,34,15,52,2.8
"Clockwork Orange, A",N/A,N/A,N/A,N/A,N/A,N/A,N/A,N/A
Clueless,6.8,68,N/A,N/A,N/A,N/A,0,2.4
Cobb,6.4,N/A,6.4,47,30,17,60,3.2
Code of Silence,6.0,N/A,5.6,12,6,6,51,3.0
Cold Mountain,7.2,73,6.7,223,158,65,77,3.3
Collateral,7.6,71,7.4,228,197,31,84,3.5
Collateral Damage,5.5,33,4.0,142,27,115,27,2.8
Colombiana,6.4,45,4.8,94,25,69,67,3.8
Color of Night,5.1,N/A,3.9,46,10,36,30,2.7
Commando,6.7,N/A,6.0,32,22,10,67,3.1
Conan the Barbarian,6.9,43,6.6,33,23,10,74,3.1
Confessions of a Dangerous Mind,7.1,67,N/A,N/A,N/A,N/A,N/A,N/A
Confidence,6.7,59,6.3,154,108,46,70,3.4
Constantine,6.9,50,5.5,218,101,117,72,3.5
Contact,7.4,62,6.8,63,39,24,78,3.2
"Cooler, The",N/A,N/A,N/A,N/A,N/A,N/A,N/A,N/A
Copycat,6.6,54,6.6,36,27,9,64,3.1
Coraline,7.7,80,7.8,257,232,25,73,3.7
Coriolanus,6.2,79,7.4,136,126,10,58,3.3
Courage Under Fire,6.6,77,7.3,53,45,8,65,3.2
Cowboys & Aliens,7.2,N/A,N/A,N/A,N/A,N/A,N/A,N/A
Cradle 2 the Grave,5.8,36,4.5,121,31,90,52,3.2
Crank,7.0,57,6.0,93,57,36,71,3.5
Crash,7.9,69,7.3,227,170,57,88,4.0
"Crazy, Stupid, Love",7.4,68,6.9,205,160,45,77,3.8
Crazylove,6.2,N/A,N/A,N/A,N/A,N/A,55,3.3
Creation,6.7,51,5.5,110,51,59,49,3.2
Crime Spree,6.6,N/A,5.5,7,3,4,56,3.2
"Croods, The",N/A,N/A,N/A,N/A,N/A,N/A,N/A,N/A
"Crouching Tiger, Hidden Dragon",7.9,93,8.6,151,147,4,86,3.6
Croupier,7.2,75,7.7,54,53,1,80,3.7
"Crow Salvation, The",N/A,N/A,N/A,N/A,N/A,N/A,N/A,N/A
"Crow, The",N/A,N/A,N/A,N/A,N/A,N/A,N/A,N/A
"Crow: City of Angels, The",N/A,N/A,N/A,N/A,N/A,N/A,N/A,N/A
Cruel Intentions,6.9,56,5.3,78,38,40,81,3.4
Crying Game,7.3,90,8.3,62,60,2,78,3.5
Cube,7.3,61,6.3,37,23,14,77,3.5
"Curious Case of Benjamin Button, The",N/A,N/A,N/A,N/A,N/A,N/A,N/A,N/A
Custody,6.0,N/A,N/A,N/A,N/A,N/A,46,3.3
"Damned United, The",N/A,N/A,N/A,N/A,N/A,N/A,N/A,N/A
Dances with Wolves,8.0,72,7.5,66,54,12,87,3.6
Dark City,7.7,66,N/A,N/A,N/A,N/A,N/A,N/A
"Dark Knight Rises, The",N/A,N/A,N/A,N/A,N/A,N/A,N/A,N/A
"Dark Knight, The",8.0,N/A,N/A,N/A,N/A,N/A,91,4.0
Dark Star,6.5,N/A,6.5,24,19,5,66,3.4
Darkman,6.4,65,6.8,58,48,10,58,3.0
Date Night,6.3,56,6.1,220,147,73,55,3.3
Dave Barry's Complete Guide to Guys,N/A,N/A,N/A,N/A,N/A,N/A,N/A,N/A
Dawn of the Dead,7.4,59,6.7,182,137,45,77,3.4
Day of the Dead,7.2,N/A,6.9,34,28,6,75,3.5
"Day the Clown Cried, The",N/A,N/A,N/A,N/A,N/A,N/A,N/A,N/A
"Day the Earth Stood Still, The",N/A,N/A,N/A,N/A,N/A,N/A,N/A,N/A
Days of Heaven,8.0,93,8.3,48,45,3,89,4.1
Dead Poets Society,8.0,79,7.2,54,46,8,92,3.8
Death at a Funeral,7.4,67,N/A,N/A,N/A,N/A,100,3.5
Death to Smoochy,6.4,38,5.3,120,50,70,66,3.0
"Debt, The",N/A,N/A,N/A,N/A,N/A,N/A,N/A,N/A
Deception,6.1,31,3.9,96,13,83,31,2.9
Deep Cover,6.9,N/A,6.6,20,17,3,77,3.5
Deep Rising,6.0,N/A,4.2,29,9,20,43,2.8
"Deer Hunter, The",N/A,N/A,N/A,N/A,N/A,N/A,N/A,N/A
Defiance,7.2,58,5.9,178,101,77,72,3.6
"Departed, The",N/A,N/A,N/A,N/A,N/A,N/A,N/A,N/A
"Descendants, The",N/A,N/A,N/A,N/A,N/A,N/A,N/A,N/A
Despicable Me 2,7.5,62,6.6,172,126,46,85,4.2
Detroit Rock City,6.8,33,5.2,39,18,21,82,3.5
Devil in a Blue Dress,6.7,78,7.3,53,46,7,69,3.4
Devil's Advocate,6.6,N/A,N/A,N/A,N/A,N/A,N/A,N/A
Die Hard,8.2,70,8.4,64,59,5,94,3.9
Die Hard 2,7.1,67,6.1,61,42,19,70,3.5
Diner,7.2,86,8.3,35,32,3,78,3.6
"Distinguished Gentleman, The",N/A,N/A,N/A,N/A,N/A,N/A,N/A,N/A
Disturbia,6.9,62,6.2,172,118,54,77,3.7
Django Unchained,8.5,81,8.0,249,219,30,91,4.3
Do The Right Thing,7.9,91,8.9,67,62,5,90,3.9
Dog Day Afternoon,8.0,N/A,8.7,40,38,2,90,4.0
Dogma,7.4,62,6.2,126,84,42,85,3.6
Donnie Brasco,7.8,76,7.8,55,48,7,89,3.7
Donnie Darko,8.1,71,7.5,108,92,16,80,3.1
"Doors, The",8.0,N/A,N/A,N/A,N/A,N/A,100,4.5
Double Indemnity,8.4,N/A,9.0,54,52,2,95,4.2
Drag Me to Hell,6.6,83,7.6,253,233,20,61,3.0
Dragonslayer,6.7,N/A,6.7,28,24,4,62,3.3
Drive,7.8,78,8.3,238,220,18,79,3.9
Drive Angry,5.5,44,5.3,117,53,64,37,2.9
Drop Dead Gorgeous,6.5,28,5.3,66,29,37,75,3.1
"Dry White Season, A",N/A,N/A,N/A,N/A,N/A,N/A,N/A,N/A
Duck Soup,8.0,N/A,9.1,45,42,3,91,4.1
Dumb and Dumber,5.6,N/A,N/A,N/A,N/A,N/A,N/A,N/A
Dune,6.6,N/A,5.9,41,23,18,67,3.3
E.T.,7.9,94,9.2,112,110,2,72,3.5
Eagle Eye,6.6,43,4.6,178,47,131,62,3.6
Eastern Promises,7.7,82,7.6,194,173,21,83,3.8
Easy A,7.1,72,7.1,182,154,28,77,3.8
Ed TV,N/A,N/A,N/A,N/A,N/A,N/A,N/A,N/A
Ed Wood,7.9,70,8.0,60,55,5,88,3.8
Edward Scissorhands,7.9,74,7.7,56,50,6,91,3.8
Eight Legged Freaks,5.4,53,5.5,143,69,74,32,2.5
El Mariachi,6.9,73,7.0,27,25,2,76,3.5
Election,7.3,83,7.8,104,96,8,79,3.4
"Elephant Man, The",N/A,N/A,N/A,N/A,N/A,N/A,N/A,N/A
Elizabeth: The Golden Age,6.9,45,5.1,165,58,107,59,3.3
Enemy of the State,7.3,67,6.4,84,60,24,78,3.5
"English Patient, The",N/A,N/A,N/A,N/A,N/A,N/A,N/A,N/A
Enough,5.6,25,4.0,123,27,96,67,3.1
Entrapment,6.2,54,5.2,81,31,50,51,3.0
Equilibrium,7.5,33,4.8,84,32,52,82,3.7
Erik the Viking,6.2,N/A,4.3,17,8,9,59,3.2
Erin Brockovich,7.3,73,7.4,143,120,23,80,3.5
Escape From L.A.,5.7,N/A,5.6,47,25,22,39,2.8
Escape From New York,7.2,N/A,6.9,53,45,8,77,3.4
Eternal Sunshine of the Spotless Mind,8.3,89,8.4,233,217,16,94,4.1
Even Cowgirls Get the Blues,4.3,28,3.2,18,4,14,27,2.5
Event Horizon,6.7,35,4.4,37,9,28,61,3.2
Evil Dead,6.5,57,6.1,174,107,67,63,3.5
Evil Dead II: Dead by Dawn,N/A,N/A,N/A,N/A,N/A,N/A,N/A,N/A
Excalibur,7.4,N/A,7.2,38,31,7,80,3.4
Executive Decision,6.4,N/A,6.0,38,24,14,53,3.0
eXistenZ,6.8,68,6.7,63,45,18,69,3.3
Extract,6.2,61,5.9,183,115,68,38,2.9
Eyes Wide Shut,7.3,68,7.5,146,108,38,73,3.0
"Fabulous Baker Boys, The",N/A,N/A,N/A,N/A,N/A,N/A,N/A,N/A
Face Off,8.2,N/A,N/A,N/A,N/A,N/A,N/A,N/A
Fair Game,6.8,69,6.9,170,134,36,65,3.4
"Family Man, The",N/A,N/A,N/A,N/A,N/A,N/A,N/A,N/A
Fantastic Four,5.7,40,4.5,203,54,149,45,3.1
Fantastic Mr Fox,7.5,N/A,N/A,N/A,N/A,N/A,N/A,N/A
Fargo,8.2,85,8.7,87,82,5,93,3.9
Fast Times at Ridgemont High,7.2,67,6.8,49,38,11,80,3.5
Fatal Instinct,5.6,N/A,4.2,21,4,17,41,2.6
"Fault in Our Stars, The",8.7,N/A,N/A,N/A,N/A,N/A,N/A,N/A
Fear and Loathing in Las Vegas,7.7,41,5.7,65,32,33,89,3.9
Feast,6.4,43,5.7,50,28,22,60,3.3
Ferris Bueller's Day Off,7.9,61,7.7,60,48,12,92,3.8
Field of Dreams,7.5,57,7.8,56,48,8,86,3.4
"Fifth Element, The",N/A,N/A,N/A,N/A,N/A,N/A,N/A,N/A
Fight Club,8.9,66,7.3,162,128,34,96,4.2
"Fighter, The",3.0,N/A,N/A,N/A,N/A,N/A,N/A,N/A
Final Destination,6.7,36,4.7,94,32,62,69,3.4
Final Destination 2,6.2,38,5.0,109,52,57,58,3.2
Finding Nemo,8.1,90,8.7,254,252,2,86,3.8
Five Easy Pieces,7.5,N/A,8.5,44,38,6,85,3.9
Flash Gordon,6.4,63,6.4,38,31,7,69,3.1
Fletch,6.9,N/A,6.4,28,21,7,82,3.3
Flight,7.3,76,7.0,221,171,50,75,3.8
"Flintstones, The",N/A,N/A,N/A,N/A,N/A,N/A,N/A,N/A
Forrest Gump,8.8,82,7.3,83,60,23,95,4.1
Four Feathers,7.1,N/A,N/A,N/A,N/A,N/A,N/A,N/A
Four Rooms,6.7,N/A,3.5,44,6,38,70,3.4
Foxcatcher,7.0,81,7.9,218,193,25,66,3.5
Fracture,7.2,68,6.5,171,122,49,73,3.5
Frances,7.4,N/A,7.4,24,16,8,78,3.8
Frankenstein,8.0,N/A,8.7,44,44,0,87,3.7
Freaked,6.2,N/A,5.4,17,8,9,64,3.3
Freddy vs. Jason,5.8,37,4.8,157,64,93,50,2.9
"French Connection, The",N/A,N/A,N/A,N/A,N/A,N/A,N/A,N/A
Frequency,7.3,67,6.5,124,87,37,81,3.4
Friday the 13th,6.5,35,5.5,50,29,21,61,3.2
Friday the 13th Part VIII: Jason Takes Manhattan,4.5,N/A,2.9,23,2,21,27,2.7
Fright Night,6.4,64,6.3,166,119,47,59,3.4
Fright Night (1985),N/A,N/A,N/A,N/A,N/A,N/A,N/A,N/A
From Dusk Till Dawn,7.3,52,6.0,46,29,17,76,3.5
From Here to Eternity,7.8,N/A,8.2,49,45,4,84,3.8
Frozen,7.6,74,7.7,218,194,24,86,4.3
Frozen (Disney),N/A,N/A,N/A,N/A,N/A,N/A,N/A,N/A
Frozen River,7.2,82,7.3,129,113,16,74,3.3
Fruitvale Station,7.5,85,8.1,189,177,12,87,4.1
"Fugitive, The",7.2,N/A,N/A,N/A,N/A,N/A,67,3.0
Full Metal Jacket,8.3,78,8.3,74,70,4,94,4.1
Funny People,6.4,60,6.4,228,155,73,48,3.1
Fury,7.6,64,6.9,225,172,53,84,4.0
G.I. Jane,5.8,62,5.9,31,17,14,53,3.0
G.I. Joe: The Rise of Cobra,5.8,32,4.6,159,55,104,50,3.3
Game 6,5.9,56,6.0,40,25,15,38,2.6
"Game, The",N/A,N/A,N/A,N/A,N/A,N/A,N/A,N/A
Gamer,5.8,27,4.2,75,21,54,39,3.0
Gandhi,8.1,N/A,8.0,50,44,6,92,4.0
Gang Related,6.5,N/A,5.4,16,9,7,66,3.5
Gangs of New York,7.5,72,7.1,202,151,51,81,3.5
Garden State,7.6,67,7.4,187,161,26,88,3.8
Gattaca,7.8,64,7.1,55,45,10,87,3.5
Get Carter,5.1,24,3.6,60,7,53,27,2.5
Get Low,7.1,77,7.2,142,120,22,75,3.7
Get Shorty,6.9,82,7.8,51,44,7,69,3.2
"Getaway, The",N/A,N/A,N/A,N/A,N/A,N/A,N/A,N/A
Ghost,7.0,52,6.8,66,49,17,80,3.5
"Ghost and the Darkness, The",N/A,N/A,N/A,N/A,N/A,N/A,N/A,N/A
Ghost Rider,5.2,35,4.2,135,35,100,48,3.1
Ghost Ship,5.5,28,3.8,124,17,107,37,2.8
Ghost World,7.4,88,7.8,153,141,12,84,3.7
Ghostbusters,7.8,67,8.2,67,65,2,88,3.6
Ghostbusters 2,N/A,N/A,N/A,N/A,N/A,N/A,N/A,N/A
Ginger Snaps,6.8,70,7.4,55,49,6,78,3.4
"Girl with the Dragon Tattoo, The",N/A,N/A,N/A,N/A,N/A,N/A,N/A,N/A
Gladiator,8.5,64,7.2,186,142,44,87,3.8
Glengarry Glen Gross,N/A,N/A,N/A,N/A,N/A,N/A,N/A,N/A
Go,7.3,72,7.6,72,66,6,78,3.3
Godfather,8.4,N/A,N/A,N/A,N/A,N/A,N/A,N/A
Godfather Part II,9.0,80,9.5,72,70,2,97,4.3
"Godfather Part III, The",N/A,N/A,N/A,N/A,N/A,N/A,N/A,N/A
Gods and Monsters,7.5,74,8.4,62,59,3,83,3.7
Godzilla,6.5,62,6.6,280,207,73,66,3.6
Gone in 60 Seconds,6.5,N/A,4.5,13,5,8,66,3.4
"Good Girl, The",N/A,N/A,N/A,N/A,N/A,N/A,N/A,N/A
Good Will Hunting,8.3,70,8.0,70,68,2,94,3.9
Goodfellas,8.7,89,9.0,76,73,3,97,4.3
Gothika,5.8,38,4.1,166,24,142,45,3.0
"Graduate, The",N/A,N/A,N/A,N/A,N/A,N/A,N/A,N/A
Gran Torino,8.2,72,7.1,224,178,46,90,4.1
Grand Hotel,7.6,N/A,7.8,35,30,5,77,3.8
Grand Theft Parsons,6.1,46,5.4,27,12,15,52,3.2
"Grapes of Wrath, The",N/A,N/A,N/A,N/A,N/A,N/A,N/A,N/A
Gravity,7.8,96,9.0,309,297,12,80,4.0
"Green Mile, The",N/A,N/A,N/A,N/A,N/A,N/A,N/A,N/A
Gremlins,7.2,N/A,7.3,60,51,9,77,3.4
Gremlins 2,6.3,N/A,6.5,43,29,14,57,3.0
"Grifters, The",N/A,N/A,N/A,N/A,N/A,N/A,N/A,N/A
Grosse Point Blank,N/A,N/A,N/A,N/A,N/A,N/A,N/A,N/A
Groundhog Day,8.1,72,8.0,71,68,3,87,3.4
"Grudge, The",N/A,N/A,N/A,N/A,N/A,N/A,N/A,N/A
Hackers,6.2,46,4.7,44,14,30,68,3.2
Hall Pass,5.9,45,4.6,172,58,114,41,3.0
Halloween: The Curse of Michael Myers,4.9,N/A,2.7,32,2,30,39,3.0
Hancock,6.4,49,5.4,218,89,129,59,3.6
"Hangover, The",N/A,N/A,N/A,N/A,N/A,N/A,N/A,N/A
Hanna,6.8,65,6.9,212,151,61,66,3.5
Hannah and Her Sisters,8.0,90,8.5,54,50,4,91,3.9
Hannibal,6.8,57,5.1,165,65,100,62,3.4
"Happy Birthday, Wanda June",6.0,N/A,N/A,N/A,N/A,N/A,75,3.8
Happy Feet,6.5,77,6.9,161,120,41,70,3.6
Hard Rain,5.8,36,4.4,42,12,30,33,2.7
Hard to Kill,5.7,N/A,3.7,12,4,8,47,2.7
Harold and Kumar Go to White Castle,N/A,N/A,N/A,N/A,N/A,N/A,N/A,N/A
Harry Potter and the Chamber of Secrets,7.4,63,7.2,230,188,42,79,3.7
Harry Potter and the Deathly Hallows Part 1,7.7,65,7.1,260,203,57,85,4.1
Harry Potter and the Goblet of Fire,7.6,81,7.5,246,217,29,74,3.4
Harry Potter and the Half-Blood Prince,7.5,78,7.2,266,222,44,77,3.8
Harry Potter and the Prisoner of Azkaban,7.8,82,7.9,250,227,23,86,3.8
Harry Potter and the Sorcerer's Stone,7.5,64,7.1,194,156,38,82,3.7
"Haunting, The",1.9,N/A,N/A,N/A,N/A,N/A,N/A,N/A
He's Just Not That Into You,6.4,47,5.1,155,62,93,59,3.4
Heat,8.2,76,7.8,78,67,11,94,3.9
Heathers,7.3,73,7.8,43,41,2,84,3.7
Heavenly Creatures,7.4,N/A,8.2,49,45,4,83,3.7
Heavy Metal,6.7,N/A,5.6,28,16,12,67,3.3
"Hebrew Hammer, The",N/A,N/A,N/A,N/A,N/A,N/A,N/A,N/A
Heist,6.5,66,6.2,128,84,44,60,3.2
Hellbound: Hellraiser II,6.5,N/A,5.2,20,10,10,59,3.2
Hellboy,6.8,72,6.8,198,160,38,65,3.2
Hellboy 2: The Golden Army,N/A,N/A,N/A,N/A,N/A,N/A,N/A,N/A
Hellraiser,7.0,N/A,5.9,32,20,12,73,3.5
Hellraiser 3: Hell on Earth,N/A,N/A,N/A,N/A,N/A,N/A,N/A,N/A
Hellraiser: Deader,4.6,N/A,3.7,6,1,5,26,2.9
Hellraiser: Hellseeker,5.1,N/A,3.5,6,0,6,34,3.0
"Help, The",5.0,N/A,N/A,N/A,N/A,N/A,N/A,N/A
Henry Fool,7.4,68,7.4,27,24,3,82,3.8
Henry's Crime,6.0,49,5.0,53,21,32,25,2.6
Hesher,7.1,45,5.7,70,37,33,60,3.4
High Fidelity,7.6,79,7.7,164,150,14,90,3.7
Highlander,7.2,24,6.1,31,21,10,79,3.5
Highlander: Endgame,4.6,21,3.3,54,6,48,38,2.8
"Hills Have Eyes, The",N/A,N/A,N/A,N/A,N/A,N/A,N/A,N/A
His Girl Friday,8.0,N/A,8.8,39,38,1,90,4.0
Hitchcock,6.9,55,6.2,197,121,76,60,3.5
"Hitchhiker's Guide to the Galaxy, The",N/A,N/A,N/A,N/A,N/A,N/A,N/A,N/A
Hollow Man,5.7,24,4.4,114,31,83,27,2.6
Honeydripper,6.8,68,6.5,85,58,27,57,3.4
Horrible Bosses,6.9,57,6.2,208,142,66,70,3.6
"Horse Whisperer, The",N/A,N/A,N/A,N/A,N/A,N/A,N/A,N/A
"Hospital, The",4.9,N/A,N/A,N/A,N/A,N/A,N/A,N/A
Hostage,6.6,44,5.0,155,55,100,62,3.3
Hot Tub Time Machine,6.4,63,6.1,199,126,73,56,3.3
Hotel Rwanda,8.1,79,8.0,189,171,18,94,4.0
House of 1000 Corpses,6.0,31,3.4,80,15,65,65,3.2
How to Lose Friends & Alienate People,6.5,35,5.0,109,40,69,42,3.1
How to Train Your Dragon,8.2,74,7.9,201,197,4,91,4.2
How to Train Your Dragon 2,7.9,76,7.8,162,148,14,90,4.3
Hudson Hawk,5.7,17,3.7,33,8,25,56,2.9
"Hudsucker Proxy, The",N/A,N/A,N/A,N/A,N/A,N/A,N/A,N/A
Human Nature,6.4,56,5.8,94,46,48,61,3.3
"Hunt for Red October, The",N/A,N/A,N/A,N/A,N/A,N/A,N/A,N/A
I Am Number Four,6.1,36,4.8,159,52,107,57,3.5
I am Sam,7.6,28,4.6,143,49,94,87,3.7
I Love You Phillip Morris,6.7,65,6.6,152,109,43,61,3.3
I Spit on Your Grave,6.3,27,4.4,56,19,37,48,3.1
I Still Know What You Did Last Summer,4.6,21,3.3,56,4,52,29,2.6
I'll Do Anything,5.6,N/A,5.3,18,11,7,44,3.0
"I, Robot",7.1,59,N/A,N/A,N/A,N/A,100,3.7
"Ice Storm, The",7.1,N/A,N/A,N/A,N/A,N/A,N/A,N/A
"Ides of March, The",N/A,N/A,N/A,N/A,N/A,N/A,N/A,N/A
"Imaginarium of Doctor Parnassus, The",N/A,N/A,N/A,N/A,N/A,N/A,N/A,N/A
In the Bedroom,7.5,86,7.9,138,129,9,81,3.7
In the Loop,7.5,83,7.8,167,157,10,81,3.1
Inception,8.8,74,8.1,326,282,44,91,4.2
"Incredibles, The",N/A,N/A,N/A,N/A,N/A,N/A,N/A,N/A
Independence Day,6.9,59,6.3,59,36,23,75,3.5
Indiana Jones and the Last Crusade,8.3,65,7.9,68,60,8,94,4.0
Indiana Jones and the Raiders of the Lost Ark,N/A,N/A,N/A,N/A,N/A,N/A,N/A,N/A
Indiana Jones and the Temple of Doom,7.6,57,7.2,65,55,10,81,3.8
Indiana Jones IV,N/A,N/A,N/A,N/A,N/A,N/A,N/A,N/A
"Informant, The",N/A,N/A,N/A,N/A,N/A,N/A,N/A,N/A
Inglourious Basterds,8.3,69,7.8,299,265,34,87,3.9
Innerspace,6.7,N/A,6.7,37,30,7,65,3.2
"Insider, The",N/A,N/A,N/A,N/A,N/A,N/A,N/A,N/A
Insidious,6.8,52,6.0,168,111,57,62,3.5
Insomnia,7.2,78,7.7,200,184,16,76,3.3
Interstellar,8.6,74,7.0,300,213,87,85,4.1
Interview with the Vampire,7.6,59,5.9,51,31,20,86,3.7
Into the Wild,8.2,73,7.5,192,158,34,89,4.1
Intolerable Cruelty,6.3,71,6.8,180,135,45,47,2.9
Inventing the Abbotts,6.4,49,5.4,26,8,18,52,3.2
"Invention of Lying, The",N/A,N/A,N/A,N/A,N/A,N/A,N/A,N/A
Invictus,7.4,74,6.6,232,176,56,74,3.6
"Iron Lady, The",N/A,N/A,N/A,N/A,N/A,N/A,N/A,N/A
"Island, The",8.3,N/A,N/A,N/A,N/A,N/A,N/A,N/A
It Happened One Night,8.2,N/A,8.9,52,51,1,93,4.1
It Happened One Night,8.2,N/A,8.9,52,51,1,93,4.1
It's a Wonderful Life,8.6,N/A,8.9,68,64,4,95,4.0
It's Complicated,6.6,57,5.8,173,98,75,59,3.4
"Italian Job, The",N/A,N/A,N/A,N/A,N/A,N/A,N/A,N/A
"Jacket, The",N/A,N/A,N/A,N/A,N/A,N/A,N/A,N/A
Jackie Brown,7.5,64,7.4,76,66,10,85,3.5
Jacob's Ladder,7.5,62,6.5,61,42,19,85,3.7
Jade,5.1,N/A,4.0,28,4,24,27,2.5
Jane Eyre,7.4,76,7.3,148,124,24,76,3.8
Jason X,4.4,25,3.6,104,20,84,25,2.5
Jaws,8.0,79,9.1,72,70,2,90,3.5
Jaws 2,5.7,N/A,5.3,19,10,9,38,2.8
Jay and Silent Bob Strike Back,6.9,51,5.6,151,80,71,75,3.4
Jennifer Eight,N/A,N/A,N/A,N/A,N/A,N/A,N/A,N/A
Jennifer's Body,5.1,47,5.1,173,74,99,34,2.9
Jerry Maguire,7.3,77,7.4,59,50,9,79,3.3
JFK,8.0,72,7.7,60,51,9,88,3.8
Jimmy and Judy,6.2,N/A,4.4,7,3,4,67,3.5
John Q,7.0,30,4.4,131,30,101,78,3.6
Judge Dredd,5.4,N/A,3.7,51,9,42,30,2.5
Juno,7.5,81,8.1,206,194,12,88,4.1
Jurassic Park,8.1,68,8.3,117,109,8,91,3.6
Jurassic Park III,5.9,42,5.2,163,82,81,36,3.0
Jurassic Park: The Lost World,7.3,N/A,N/A,N/A,N/A,N/A,N/A,N/A
Kafka,7.0,46,N/A,N/A,N/A,N/A,N/A,N/A
Kalifornia,6.7,49,6.2,24,16,8,64,3.3
Kate & Leopold,6.4,44,5.3,127,63,64,62,3.0
Kids,7.0,N/A,5.0,54,26,28,77,3.5
"Kids Are All Right, The",N/A,N/A,N/A,N/A,N/A,N/A,N/A,N/A
Kill Bill Volume 1 & 2,N/A,N/A,N/A,N/A,N/A,N/A,N/A,N/A
Killing Zoe,6.5,N/A,5.1,28,10,18,65,3.3
King Kong,7.2,81,7.7,257,215,42,50,2.8
"King of Comedy, The",N/A,N/A,N/A,N/A,N/A,N/A,N/A,N/A
"King's Speech, The",N/A,N/A,N/A,N/A,N/A,N/A,N/A,N/A
"Kingdom, The",8.0,N/A,N/A,N/A,N/A,N/A,N/A,N/A
Kiss of the Spider Woman,7.4,80,7.5,25,22,3,81,3.6
Klute,7.2,N/A,8.1,29,28,1,80,3.7
Knocked Up,7.0,85,N/A,N/A,N/A,N/A,22,1.9
Kramer vs Kramer,7.8,77,7.8,41,36,5,89,3.7
Kundun,7.0,74,7.4,58,44,14,79,3.7
Kung Fu Panda,7.6,73,7.2,178,155,23,82,3.9
L.A. Confidential,8.3,90,8.7,108,107,1,94,3.8
Labor of Love,5.6,N/A,N/A,N/A,N/A,N/A,N/A,N/A
Labyrinth,7.4,50,6.2,38,25,13,86,3.8
"Ladykillers, The",N/A,N/A,N/A,N/A,N/A,N/A,N/A,N/A
Lake Placid,5.6,34,5.0,76,30,46,36,2.6
Land of the Dead,6.2,71,6.6,172,126,46,51,3.1
Larry Crowne,6.0,41,5.0,193,69,124,41,3.1
"Last Boy Scout, The",N/A,N/A,N/A,N/A,N/A,N/A,N/A,N/A
Last Chance Harvey,6.7,57,6.2,152,107,45,53,3.2
"Last Flight, The",N/A,N/A,N/A,N/A,N/A,N/A,N/A,N/A
"Last of the Mohicans, The",N/A,N/A,N/A,N/A,N/A,N/A,N/A,N/A
"Last Samurai, The",N/A,N/A,N/A,N/A,N/A,N/A,N/A,N/A
"Last Station, The",N/A,N/A,N/A,N/A,N/A,N/A,N/A,N/A
Last Tango in Paris,7.2,77,7.8,31,25,6,76,3.6
Law Abiding Citizen,7.4,34,4.3,156,39,117,75,4.0
Leaving Las Vegas,7.6,82,7.7,48,43,5,85,3.6
Legally Blonde,6.2,59,N/A,N/A,N/A,N/A,52,3.4
Legend,7.0,55,6.0,149,92,57,61,3.5
Legion,5.2,32,3.8,101,19,82,31,2.9
Les Miserables,7.4,N/A,N/A,N/A,N/A,N/A,74,3.5
Lethal Weapon,7.6,67,7.0,51,43,8,85,3.6
Lethal Weapon 4,6.6,37,5.8,66,34,32,64,3.3
Leviathan,7.6,92,8.6,125,124,1,79,3.9
Liar Liar,6.8,68,6.9,53,43,10,75,3.4
Life,6.7,63,5.7,54,27,27,77,3.2
Life As A House,7.5,45,5.3,105,49,56,88,3.8
"Life of David Gale, The",N/A,N/A,N/A,N/A,N/A,N/A,N/A,N/A
Life of Pi,8.0,79,7.9,230,199,31,84,4.1
Light Sleeper,6.8,N/A,7.3,37,33,4,63,3.3
"Limey, The",N/A,N/A,N/A,N/A,N/A,N/A,N/A,N/A
Limitless,7.4,59,6.4,189,132,57,74,3.7
Lincoln,7.4,86,8.0,254,228,26,81,4.0
"Lincoln Lawyer, The",N/A,N/A,N/A,N/A,N/A,N/A,N/A,N/A
"Lion King, The",N/A,N/A,N/A,N/A,N/A,N/A,N/A,N/A
Little Athens,5.6,N/A,5.5,5,2,3,31,2.8
"Little Mermaid, The",N/A,N/A,N/A,N/A,N/A,N/A,N/A,N/A
Little Nicky,5.3,38,3.9,115,25,90,56,3.0
Living in Oblivion,7.6,N/A,7.4,32,28,4,87,3.8
"Lock, Stock and Two Smoking Barrels",8.2,66,6.8,59,45,14,93,4.0
Logan's Run,6.8,N/A,6.1,28,19,9,67,3.3
Lone Star,7.6,78,8.6,46,43,3,83,3.8
"Long Kiss Goodnight, The",N/A,N/A,N/A,N/A,N/A,N/A,N/A,N/A
Looper,7.4,84,8.1,248,231,17,82,4.0
Lord of Illusions,6.0,N/A,5.4,23,14,9,52,3.1
"Lord of the Rings: Fellowship of the Ring, The",N/A,N/A,N/A,N/A,N/A,N/A,N/A,N/A
Lord of the Rings: Return of the King,6.4,N/A,N/A,N/A,N/A,N/A,N/A,N/A
Lord of the Rings: The Two Towers,8.7,88,8.5,248,237,11,95,4.1
Lord of War,7.6,62,6.2,142,87,55,85,3.6
"Losers, The",N/A,N/A,N/A,N/A,N/A,N/A,N/A,N/A
Lost Highway,7.6,52,6.2,42,25,17,87,3.8
Lost Horizon,7.8,N/A,7.6,10,10,0,82,3.8
Lost in Space,5.1,42,4.7,84,23,61,24,2.5
Lost in Translation,7.8,89,8.4,223,212,11,86,3.6
Love and Basketball,N/A,N/A,N/A,N/A,N/A,N/A,N/A,N/A
Machete,6.7,60,6.3,181,130,51,63,3.4
Machine Gun Preacher,6.8,43,4.9,112,32,80,62,3.5
Mad Max 2: The Road Warrior,7.6,76,8.4,42,41,1,85,3.6
Made,6.4,62,6.3,107,76,31,67,3.2
Magnolia,8.0,77,7.5,141,118,23,89,3.7
"Majestic, The (The Bijou)",N/A,N/A,N/A,N/A,N/A,N/A,N/A,N/A
Major League,7.2,N/A,6.5,39,32,7,84,3.4
Malcolm X,7.7,72,7.5,55,50,5,91,3.9
Malibu's Most Wanted,5.1,43,4.6,93,29,64,53,2.6
Man in the Iron Mask,6.4,48,5.4,36,12,24,55,3.1
Man On Fire,7.7,47,5.2,161,62,99,89,3.8
Man on the Moon,7.4,58,6.2,118,74,44,79,3.3
Man Trouble,4.6,N/A,3.4,30,2,28,15,2.5
"Man Who Knew Too Much, The",N/A,N/A,N/A,N/A,N/A,N/A,N/A,N/A
"Man Who Wasn't There, The",N/A,N/A,N/A,N/A,N/A,N/A,N/A,N/A
"Manchurian Candidate, The",N/A,N/A,N/A,N/A,N/A,N/A,N/A,N/A
Manhattan Murder Mystery,7.4,N/A,6.9,27,25,2,84,3.7
Manhunter,7.2,78,7.7,33,31,2,77,3.5
Margaret,6.5,61,7.0,92,68,24,48,3.1
Margin Call,7.1,76,7.3,155,137,18,74,3.7
Margot at the Wedding,6.1,66,5.6,163,85,78,40,2.8
"Mariachi, El",N/A,N/A,N/A,N/A,N/A,N/A,N/A,N/A
Marley & Me,8.0,82,8.0,101,96,5,90,4.3
Martha Marcy May Marlene,6.9,76,7.8,195,176,19,71,3.6
Marty,7.7,N/A,8.1,30,30,0,88,4.0
Mary Poppins,7.8,N/A,8.4,46,46,0,86,3.5
"Mask, The",6.8,66,6.9,38,28,10,74,3.6
Master and Commander,7.4,81,7.6,210,178,32,80,3.4
"Master, The",3.3,N/A,N/A,N/A,N/A,N/A,22,2.9
Matchstick Men,7.3,61,7.1,182,150,32,74,3.4
"Matrix Reloaded, The",N/A,N/A,N/A,N/A,N/A,N/A,N/A,N/A
"Matrix, The",7.3,N/A,N/A,N/A,N/A,N/A,N/A,N/A
Max Payne,5.4,31,3.8,131,21,110,29,2.8
Mean Streets,7.4,N/A,8.9,50,49,1,85,3.9
"Mechanic, The",N/A,N/A,N/A,N/A,N/A,N/A,N/A,N/A
Meet Joe Black,7.1,43,5.6,37,19,18,81,3.4
Meet John Doe,7.7,N/A,7.5,18,16,2,82,3.8
Megamind,7.3,63,6.7,175,127,48,71,3.8
Memento,8.5,80,8.2,168,155,13,94,4.1
Men in Black,7.3,71,7.4,85,78,7,79,3.5
Men in Black 3,6.8,58,6.1,232,159,73,70,3.8
"Men Who Stare at Goats, The",N/A,N/A,N/A,N/A,N/A,N/A,N/A,N/A
Metro,5.5,N/A,3.9,34,5,29,27,2.6
Miami Vice,6.0,65,5.6,195,92,103,43,2.8
Midnight Cowboy,7.9,N/A,8.2,60,54,6,88,3.9
Midnight Express,7.7,N/A,7.7,22,21,1,89,3.9
Midnight in Paris,7.7,81,7.8,207,192,15,83,4.0
Mighty Morphin Power Rangers: The Movie,5.0,N/A,4.7,22,11,11,57,2.7
Milk,7.6,84,8.0,229,215,14,89,4.0
Miller's Crossing,7.9,66,8.1,55,50,5,90,4.0
Mimic,5.9,55,6.5,36,22,14,37,2.7
Mini's First Time,5.9,45,5.6,28,15,13,47,3.0
Minority Report,7.7,80,8.1,240,216,24,80,3.4
"Miracle Worker, The",N/A,N/A,N/A,N/A,N/A,N/A,N/A,N/A
Mirrors,6.2,35,3.8,85,12,73,44,3.1
Misery,7.8,N/A,7.5,61,54,7,89,3.7
Mission Impossible,N/A,N/A,N/A,N/A,N/A,N/A,N/A,N/A
Mission Impossible II,6.1,59,N/A,N/A,N/A,N/A,50,2.6
Mission to Mars,5.6,34,N/A,N/A,N/A,N/A,20,2.4
Moneyball,7.6,87,8.0,239,225,14,86,4.0
Monkeybone,4.7,40,3.8,112,22,90,27,2.3
Monster's Ball,7.1,69,7.4,142,121,21,67,3.3
Monte Carlo,5.8,43,4.8,91,35,56,49,3.3
Moon,7.9,67,7.5,187,167,20,89,4.0
Moonrise Kingdom,7.8,84,8.2,231,216,15,86,4.1
Moonstruck,7.1,83,7.8,51,47,4,81,3.4
Mr Blandings Builds His Dream House,7.4,N/A,7.1,15,12,3,76,3.7
Mr Brooks,N/A,N/A,N/A,N/A,N/A,N/A,N/A,N/A
Mr Deeds Goes to Town,8.0,N/A,8.4,17,16,1,86,3.9
Mr. Holland's Opus,7.3,N/A,6.8,27,20,7,83,3.5
Mrs. Brown,4.8,N/A,N/A,N/A,N/A,N/A,N/A,N/A
Mud,7.4,76,8.0,169,165,4,80,3.9
Mulan,7.5,71,7.5,74,64,10,84,3.4
Mulholland Drive,8.0,81,7.4,159,130,29,88,3.7
Mumford,6.9,62,5.9,77,43,34,66,3.2
"Mummy, The",7.4,N/A,N/A,N/A,N/A,N/A,N/A,N/A
Music of the Heart,6.7,54,6.5,89,56,33,72,3.5
Mute Witness,6.8,N/A,7.0,21,17,4,65,3.3
My Best Friend's Wedding,6.3,50,6.4,56,40,16,73,3.3
My Girl,6.8,N/A,5.5,14,7,7,78,3.5
My Mother Dreams the Satan's Disciples in New York,7.4,N/A,N/A,N/A,N/A,N/A,N/A,N/A
My Week with Marilyn,7.0,65,7.1,164,137,27,71,3.6
Mystery Men,6.0,65,5.7,103,62,41,57,2.9
Napoleon Dynamite,6.9,64,6.3,169,120,49,74,3.3
Nashville,7.8,N/A,8.7,47,44,3,84,4.1
Natural Born Killers,7.3,74,5.6,35,16,19,81,3.5
Never Been Kissed,6.0,60,5.7,81,46,35,69,3.3
"Neverending Story, The",5.8,N/A,N/A,N/A,N/A,N/A,N/A,N/A
New York Minute,4.8,33,3.5,117,13,104,47,3.0
Newsies,6.9,46,4.9,36,14,22,88,3.8
Next,6.2,42,4.6,128,36,92,53,3.2
Next Friday,6.1,41,4.0,64,13,51,76,3.2
"Next Three Days, The",N/A,N/A,N/A,N/A,N/A,N/A,N/A,N/A
Nick of Time,6.3,N/A,4.6,28,8,20,47,3.1
Night Time (The Poltergeist Treatment),N/A,N/A,N/A,N/A,N/A,N/A,N/A,N/A
Nightbreed,6.5,N/A,5.2,22,8,14,60,3.3
"Nightmare Before Christmas, The",N/A,N/A,N/A,N/A,N/A,N/A,N/A,N/A
"Nightmare Before Christmas, The",N/A,N/A,N/A,N/A,N/A,N/A,N/A,N/A
"Nightmare on Elm Street, A",N/A,N/A,N/A,N/A,N/A,N/A,N/A,N/A
Nightmare on Elm Street: The Final Chapter,N/A,N/A,N/A,N/A,N/A,N/A,N/A,N/A
Nine,5.9,49,5.1,197,74,123,37,2.9
"Nines, The",N/A,N/A,N/A,N/A,N/A,N/A,N/A,N/A
Ninja Assassin,6.4,34,4.3,113,29,84,54,3.3
Ninotchka,8.0,N/A,8.3,31,30,1,89,4.0
"Ninth Gate, The",N/A,N/A,N/A,N/A,N/A,N/A,N/A,N/A
No Strings Attached,6.2,50,5.2,164,80,84,51,3.3
Notting Hill,7.0,66,7.1,98,81,17,79,3.3
Nurse Betty,6.3,69,7.2,130,109,21,44,2.7
O Brother Where Art Thou?,7.8,69,7.1,148,114,34,89,3.7
Oblivion,7.0,54,5.9,230,123,107,61,3.5
Observe and Report,5.8,54,5.5,201,102,99,36,2.5
Obsessed,4.9,25,3.7,89,17,72,46,3.2
Ocean's Eleven,7.8,74,6.9,168,137,31,80,3.6
Ocean's Twelve,6.4,58,5.9,178,99,79,60,3.3
Office Space,7.8,68,6.8,96,76,20,93,4.0
"Officer and a Gentleman, An",N/A,N/A,N/A,N/A,N/A,N/A,N/A,N/A
Omega Man,6.6,N/A,5.6,32,19,13,53,3.2
One Flew Over the Cuckoo's Nest,8.7,79,8.9,58,55,3,96,4.2
Only God Forgives,5.7,37,5.2,150,60,90,37,2.8
Ordinary People,7.8,85,7.8,40,37,3,88,3.8
Orgy of the Dead,2.7,N/A,1.3,6,0,6,21,2.4
Orphan,7.0,42,5.5,147,81,66,63,3.1
"Other Boleyn Girl, The",N/A,N/A,N/A,N/A,N/A,N/A,N/A,N/A
Out of Sight,7.1,85,7.9,88,82,6,74,3.2
Outbreak,6.6,N/A,5.6,44,26,18,56,3.1
"Pacifier, The",N/A,N/A,N/A,N/A,N/A,N/A,N/A,N/A
Pandorum,6.8,28,4.2,81,23,58,48,3.1
Panic Room,6.8,65,6.9,182,138,44,63,3.1
Papadopoulos & Sons,6.1,N/A,5.9,13,10,3,51,3.3
ParaNorman,7.0,72,7.3,166,144,22,72,3.7
Pariah,7.2,79,7.8,104,97,7,82,3.9
"Passion of Joan of Arc, The",N/A,N/A,N/A,N/A,N/A,N/A,N/A,N/A
"Patriot, The",N/A,N/A,N/A,N/A,N/A,N/A,N/A,N/A
Paul,7.0,57,6.3,197,140,57,61,3.6
Pearl Harbor,6.0,44,4.5,190,47,143,67,3.3
Peeping Tom,7.8,N/A,8.6,47,45,2,86,3.9
Peggy Sue Got Married,6.3,N/A,6.8,26,22,4,55,3.0
Perfect Creature,5.5,N/A,N/A,N/A,N/A,N/A,37,2.9
"Perfect World, A",N/A,N/A,N/A,N/A,N/A,N/A,N/A,N/A
"Perks of Being a Wallflower, The",N/A,N/A,N/A,N/A,N/A,N/A,N/A,N/A
Pet Sematary,6.6,N/A,5.2,23,10,13,60,3.2
Pet Sematary II,4.7,N/A,3.8,19,5,14,30,2.6
Petulia,7.3,N/A,7.8,11,10,1,81,3.8
Philadelphia,7.7,66,6.6,50,39,11,89,3.7
Phone Booth,7.1,56,6.5,188,134,54,64,3.1
Pi,7.5,72,7.3,55,48,7,85,3.8
"Pianist, The",N/A,N/A,N/A,N/A,N/A,N/A,N/A,N/A
"Piano, The",N/A,N/A,N/A,N/A,N/A,N/A,N/A,N/A
Pineapple Express,7.0,64,N/A,N/A,N/A,N/A,75,3.3
Pirates of the Caribbean,7.7,N/A,N/A,N/A,N/A,N/A,N/A,N/A
Pirates of the Caribbean: Dead Man's Chest,7.3,53,6.0,219,118,101,72,3.9
Pitch Black,7.1,49,5.6,104,59,45,77,3.5
"Planet of the Apes, The",N/A,N/A,N/A,N/A,N/A,N/A,N/A,N/A
Platinum Blonde,6.9,N/A,7.2,7,7,0,66,3.4
Platoon,8.1,N/A,8.1,60,53,7,93,3.9
Pleasantville,7.5,71,7.6,94,79,15,79,3.3
Point Break,7.2,58,6.1,57,39,18,79,3.4
Pokemon: Mewtwo Returns,6.5,N/A,N/A,N/A,N/A,N/A,60,3.3
"Postman, The",6.9,N/A,N/A,N/A,N/A,N/A,N/A,N/A
"Power of One, The",8.1,N/A,N/A,N/A,N/A,N/A,N/A,N/A
Precious,7.4,79,7.8,221,202,19,81,3.6
Predator,7.8,36,7.0,41,32,9,87,3.6
Pretty Woman,6.9,51,5.7,55,34,21,68,3.5
Pretty Woman (final script),N/A,N/A,N/A,N/A,N/A,N/A,N/A,N/A
Pride and Prejudice,9.1,N/A,N/A,N/A,N/A,N/A,N/A,N/A
Priest,5.7,41,3.9,94,14,80,46,3.1
"Princess Bride, The",N/A,N/A,N/A,N/A,N/A,N/A,N/A,N/A
"Private Life of Sherlock Holmes, The",N/A,N/A,N/A,N/A,N/A,N/A,N/A,N/A
"Producer, The",N/A,N/A,N/A,N/A,N/A,N/A,N/A,N/A
"Program, The",N/A,N/A,N/A,N/A,N/A,N/A,N/A,N/A
Prom Night,3.9,17,2.7,63,5,58,38,2.9
Prometheus,7.0,65,6.9,272,198,74,68,3.6
"Prophecy, The",N/A,N/A,N/A,N/A,N/A,N/A,N/A,N/A
"Proposal, The",N/A,N/A,N/A,N/A,N/A,N/A,N/A,N/A
Psycho,8.5,N/A,9.2,84,81,3,94,3.9
Public Enemies,7.0,70,6.4,265,180,85,59,3.3
Pulp Fiction,8.9,94,9.1,77,72,5,96,4.2
Punch-Drunk Love,7.3,78,7.4,184,145,39,77,3.3
Purple Rain,6.4,52,6.2,43,29,14,79,3.4
Quantum Project,5.9,N/A,N/A,N/A,N/A,N/A,N/A,N/A
Queen of the Damned,5.2,30,3.9,129,22,107,66,3.1
"Queen, The",6.7,N/A,N/A,N/A,N/A,N/A,68,3.4
Rachel Getting Married,6.7,82,7.5,192,162,30,62,3.3
Raging Bull,8.3,92,9.0,60,58,2,93,4.1
Raising Arizona,7.4,55,7.6,50,45,5,85,3.6
Rambling Rose,6.7,N/A,7.2,18,18,0,51,3.0
Rambo: First Blood II: The Mission,N/A,N/A,N/A,N/A,N/A,N/A,N/A,N/A
"Reader, The",N/A,N/A,N/A,N/A,N/A,N/A,N/A,N/A
Real Genius,7.0,N/A,6.6,24,18,6,83,3.5
Rear Window,8.5,N/A,8.9,63,63,0,95,4.2
Rebel Without A Cause,7.8,N/A,8.3,46,44,2,88,3.9
Red Planet,5.7,34,3.8,101,14,87,28,2.6
Red Riding Hood,5.4,29,3.7,193,20,173,39,2.9
Reindeer Games,5.7,37,4.2,88,22,66,27,2.6
"Relic, The",N/A,N/A,N/A,N/A,N/A,N/A,N/A,N/A
Remember Me,7.2,40,4.4,136,37,99,68,3.4
"Replacements, The",N/A,N/A,N/A,N/A,N/A,N/A,N/A,N/A
Repo Man,6.9,75,8.0,45,44,1,79,3.4
"Rescuers Down Under, The",N/A,N/A,N/A,N/A,N/A,N/A,N/A,N/A
Reservoir Dogs,8.4,78,8.8,62,56,6,94,4.1
Resident Evil,6.7,33,4.5,123,41,82,68,3.4
Return of the Apes,N/A,N/A,N/A,N/A,N/A,N/A,N/A,N/A
"Revenant, The",N/A,N/A,N/A,N/A,N/A,N/A,N/A,N/A
Revolutionary Road,7.3,69,6.6,204,137,67,71,3.5
Ringu,7.3,N/A,7.6,36,35,1,81,3.6
Rise of the Guardians,7.3,57,6.5,147,108,39,80,4.0
Rise of the Planet of the Apes,7.6,68,7.1,248,202,46,77,4.0
RKO 281,7.1,N/A,7.0,13,12,1,75,3.7
"Road, The",N/A,N/A,N/A,N/A,N/A,N/A,N/A,N/A
Robin Hood: Prince of Thieves,6.9,N/A,5.7,52,26,26,72,3.4
Robocop,6.2,52,5.6,192,94,98,50,3.3
"Rock, The",5.5,29,3.4,109,9,100,31,2.7
RocknRolla,7.3,53,6.0,145,85,60,71,3.6
Rocky,8.1,N/A,8.4,56,52,4,69,3.2
"Rocky Horror Picture Show, The",N/A,N/A,N/A,N/A,N/A,N/A,N/A,N/A
Romeo & Juliet,7.1,N/A,N/A,N/A,N/A,N/A,100,2.5
Ronin,7.3,67,6.3,60,41,19,80,3.5
"Roommate, The",8.5,N/A,N/A,N/A,N/A,N/A,N/A,N/A
Roughshod,6.8,N/A,N/A,N/A,N/A,N/A,14,2.7
"Ruins, The",6.7,N/A,N/A,N/A,N/A,N/A,N/A,N/A
Runaway Bride,5.5,39,5.3,85,39,46,53,3.0
Rush,8.2,75,7.6,211,188,23,88,4.1
Rush Hour,6.9,60,6.0,70,42,28,78,3.4
Rush Hour 2,6.6,48,5.4,127,66,61,74,3.3
Rushmore,7.7,86,8.1,102,91,11,91,3.8
Rust and Bone,7.5,73,7.5,156,128,28,80,3.8
S. Darko,3.7,N/A,2.9,7,0,7,18,2.4
"Saint, The",6.7,N/A,N/A,N/A,N/A,N/A,N/A,N/A
"Salton Sea, The",N/A,N/A,N/A,N/A,N/A,N/A,N/A,N/A
"Sandlot Kids, The",N/A,N/A,N/A,N/A,N/A,N/A,N/A,N/A
Save the Last Dance,6.1,53,N/A,N/A,N/A,N/A,77,4.1
Saving Mr. Banks,7.5,65,7.0,235,186,49,84,4.0
Saving Private Ryan,8.6,90,8.6,130,120,10,95,4.0
Saw,7.7,46,5.5,181,87,94,84,3.7
Scarface,8.3,65,7.4,67,55,12,94,4.1
Scary Movie 2,5.2,29,3.4,109,16,93,52,2.9
Schindler's List,8.9,93,9.0,85,82,3,97,4.3
Scott Pilgrim vs the World,7.5,69,7.5,245,200,45,83,4.0
Scream,7.2,65,7.0,66,52,14,78,3.3
Scream 2,6.1,63,6.8,74,60,14,56,2.9
Scream 3,5.5,56,5.2,111,40,71,38,2.8
Se7en,8.6,65,7.7,69,55,14,95,4.1
"Searchers, The",N/A,N/A,N/A,N/A,N/A,N/A,N/A,N/A
Semi-Pro,5.8,47,4.5,157,33,124,38,2.9
Sense and Sensibility,7.7,84,8.0,55,54,1,90,3.8
Serenity,8.0,74,7.1,180,148,32,91,3.9
Serial Mom,6.7,N/A,5.7,45,27,18,71,3.0
"Sessions, The",N/A,N/A,N/A,N/A,N/A,N/A,N/A,N/A
"Seventh Seal, The",N/A,N/A,N/A,N/A,N/A,N/A,N/A,N/A
Sex and the City,5.5,53,5.5,174,86,88,77,3.8
"Sex, Lies and Videotape",7.2,86,7.9,43,42,1,79,3.4
Sexual Life,5.1,N/A,N/A,N/A,N/A,N/A,42,3.1
Shadow of the Vampire,6.9,71,7.0,135,110,25,74,3.4
Shakespeare in Love,7.2,87,8.3,130,120,10,80,3.4
Shallow Grave,7.4,67,6.4,46,33,13,83,3.6
Shame,7.3,72,7.4,199,157,42,75,3.7
Shampoo,6.3,N/A,6.2,30,19,11,53,3.2
"Shawshank Redemption, The",N/A,N/A,N/A,N/A,N/A,N/A,N/A,N/A
She's Out of My League,6.4,46,5.6,130,75,55,59,3.4
Sherlock Holmes,7.6,57,6.2,230,162,68,77,3.7
Shifty,6.5,N/A,7.0,25,24,1,66,3.5
"Shining, The",7.5,N/A,N/A,N/A,N/A,N/A,N/A,N/A
"Shipping News, The",N/A,N/A,N/A,N/A,N/A,N/A,N/A,N/A
Shivers,6.6,N/A,6.8,22,19,3,60,3.4
Shrek,7.9,84,7.8,200,176,24,90,3.9
Shrek the Third,6.1,58,5.4,205,83,122,52,3.4
Sideways,7.6,94,8.5,223,215,8,78,3.4
"Siege, The",N/A,N/A,N/A,N/A,N/A,N/A,N/A,N/A
Signs,6.7,59,6.8,228,168,60,67,3.2
Silence of the Lambs,7.4,N/A,N/A,N/A,N/A,N/A,N/A,N/A
Silver Bullet,6.3,N/A,5.2,14,7,7,56,3.2
Silver Linings Playbook,7.8,81,8.2,229,210,19,86,4.1
Simone,5.6,N/A,N/A,N/A,N/A,N/A,N/A,N/A
Single White Female,6.3,N/A,5.3,39,22,17,44,3.0
Sister Act,6.2,N/A,5.7,21,15,6,65,3.1
Six Degrees of Separation,6.9,N/A,7.1,32,28,4,71,3.4
"Sixth Sense, The",N/A,N/A,N/A,N/A,N/A,N/A,N/A,N/A
Sleepless in Seattle,6.8,72,6.5,46,33,13,75,3.3
Sleepy Hollow,7.4,65,6.3,126,85,41,80,3.5
Sling Blade,8.0,84,8.3,51,49,2,93,3.9
Slither,6.5,69,6.9,136,117,19,62,3.2
Slumdog Millionaire,8.0,86,8.4,267,246,21,90,4.0
Smashed,6.8,71,6.9,102,86,16,68,3.5
Smokin' Aces,6.7,45,4.4,155,45,110,62,3.3
Snatch,N/A,N/A,N/A,N/A,N/A,N/A,N/A,N/A
Sneakers,7.1,N/A,6.8,47,38,9,80,3.4
Snow Falling On Cedars,6.8,44,5.2,91,36,55,68,3.4
Snow White and the Huntsman,6.1,57,5.6,216,104,112,52,3.3
So I Married an Axe Murderer,6.4,N/A,5.5,33,18,15,68,3.0
"Social Network, The",N/A,N/A,N/A,N/A,N/A,N/A,N/A,N/A
Solaris,6.2,65,6.5,203,133,70,59,2.9
Soldier,6.0,N/A,3.6,51,5,46,43,2.8
Someone To Watch Over Me,6.1,N/A,5.9,25,19,6,42,3.0
Something's Gotta Give,6.7,66,6.6,167,119,48,69,3.2
Source Code,7.5,74,7.5,244,224,20,81,3.8
South Park,8.8,N/A,N/A,N/A,N/A,N/A,90,4.2
Spanglish,6.5,48,5.9,165,87,78,60,3.0
Spare Me,6.7,N/A,N/A,N/A,N/A,N/A,N/A,N/A
Spartan,6.6,60,6.5,134,86,48,62,3.3
Speed,7.2,78,7.9,60,56,4,76,3.3
Speed Racer,6.1,37,5.1,208,81,127,60,3.2
Sphere,6.0,35,4.0,50,6,44,39,2.7
Spider-Man,7.3,73,7.6,236,211,25,67,3.3
St. Elmo's Fire,6.3,N/A,4.8,30,14,16,69,3.4
Star Trek,8.0,82,8.2,330,313,17,91,4.1
Star Trek II: The Wrath of Khan,7.7,71,8.0,49,43,6,90,3.8
Star Trek: First Contact,7.6,71,7.4,55,51,4,89,3.6
Star Trek: Generations,6.6,55,5.5,48,23,25,57,3.3
Star Trek: Nemesis,6.4,51,5.2,158,59,99,50,3.1
Star Trek: The Motion Picture,6.4,48,5.7,34,16,18,42,3.1
Star Wars: A New Hope,N/A,N/A,N/A,N/A,N/A,N/A,N/A,N/A
Star Wars: Attack of the Clones,N/A,N/A,N/A,N/A,N/A,N/A,N/A,N/A
Star Wars: Return of the Jedi,8.0,N/A,N/A,N/A,N/A,N/A,N/A,N/A
Star Wars: Revenge of the Sith,N/A,N/A,N/A,N/A,N/A,N/A,N/A,N/A
Star Wars: The Empire Strikes Back,7.8,N/A,N/A,N/A,N/A,N/A,N/A,N/A
Star Wars: The Force Awakens,N/A,N/A,N/A,N/A,N/A,N/A,N/A,N/A
Star Wars: The Phantom Menace,N/A,N/A,N/A,N/A,N/A,N/A,N/A,N/A
Starman,7.0,71,6.8,26,21,5,69,3.3
Starship Troopers,7.2,51,6.1,59,37,22,69,3.1
State and Main,6.8,75,7.3,115,99,16,70,3.3
Station West,6.7,N/A,N/A,N/A,N/A,N/A,N/A,N/A
Stepmom,6.7,58,5.1,55,24,31,75,3.3
"Sting, The",7.4,N/A,N/A,N/A,N/A,N/A,0,2.5
Stir of Echoes,7.0,67,6.4,103,69,34,70,3.4
Storytelling,6.9,50,5.6,89,47,42,68,3.4
Strange Days,7.2,N/A,6.2,41,26,15,73,3.3
Strangers on a Train,8.1,N/A,8.8,42,41,1,92,4.1
"Stuntman, The",N/A,N/A,N/A,N/A,N/A,N/A,N/A,N/A
Sugar,7.2,82,7.8,132,121,11,80,3.7
Sugar and Spice,8.1,N/A,N/A,N/A,N/A,N/A,N/A,N/A
Sunset Blvd.,8.5,N/A,9.3,59,58,1,95,4.3
Sunshine Cleaning,6.9,61,6.3,167,121,46,62,3.3
Super 8,7.1,72,7.4,269,220,49,75,3.7
Superbad,7.6,76,7.5,202,177,25,87,4.1
Superfights,5.3,N/A,N/A,N/A,N/A,N/A,40,3.5
Supergirl,6.4,N/A,N/A,N/A,N/A,N/A,N/A,N/A
"Surfer King, The",N/A,N/A,N/A,N/A,N/A,N/A,N/A,N/A
Surrogates,6.3,45,5.4,111,43,68,38,3.1
Suspect Zero,5.9,37,4.4,129,23,106,38,3.0
Sweeney Todd: The Demon Barber of Fleet Street,7.4,83,7.7,222,190,32,81,3.9
"Sweet Hereafter, The",N/A,N/A,N/A,N/A,N/A,N/A,N/A,N/A
Sweet Smell of Success,8.2,100,8.8,47,46,1,93,4.1
Swingers,7.4,71,7.7,53,46,7,89,3.8
Swordfish,6.5,32,4.3,136,35,101,60,3.1
"Synecdoche, New York",7.5,67,6.7,181,124,57,71,3.6
Syriana,7.0,76,6.9,192,139,53,67,3.3
Take Shelter,7.4,85,8.1,152,139,13,81,3.9
Taking Lives,6.2,38,4.6,158,35,123,55,3.2
"Taking of Pelham One Two Three, The",N/A,N/A,N/A,N/A,N/A,N/A,N/A,N/A
Taking Sides,7.2,61,N/A,N/A,N/A,N/A,N/A,N/A
"Talented Mr. Ripley, The",N/A,N/A,N/A,N/A,N/A,N/A,N/A,N/A
Tall in the Saddle,7.1,N/A,N/A,N/A,N/A,N/A,71,3.4
Tamara Drewe,6.2,64,6.3,121,79,42,42,3.1
Taxi Driver,8.3,93,9.0,68,67,1,93,4.1
Ted,7.0,62,6.4,204,137,67,73,3.8
Terminator,4.8,N/A,N/A,N/A,N/A,N/A,N/A,N/A
Terminator 2: Judgement Day,N/A,N/A,N/A,N/A,N/A,N/A,N/A,N/A
Terminator Salvation,6.6,49,5.0,268,88,180,54,3.3
The Rage: Carrie 2,4.6,42,N/A,N/A,N/A,N/A,13,2.3
Thelma & Louise,7.1,N/A,N/A,N/A,N/A,N/A,N/A,N/A
There's Something About Mary,7.1,69,N/A,N/A,N/A,N/A,50,3.2
They,4.8,31,4.2,56,21,35,24,2.6
"Thing, The",8.2,N/A,N/A,N/A,N/A,N/A,N/A,N/A
"Things My Father Never Taught Me, The",N/A,N/A,N/A,N/A,N/A,N/A,N/A,N/A
Thirteen Days,7.3,67,7.2,118,98,20,80,3.5
This Boy's Life,7.3,60,6.4,36,27,9,79,3.6
This is 40,6.2,59,5.8,210,107,103,50,3.3
Thor,7.0,57,6.7,266,204,62,76,3.8
Three Kings,7.2,82,7.8,129,121,8,77,3.3
Three Kings (Spoils of War),N/A,N/A,N/A,N/A,N/A,N/A,N/A,N/A
Three Men and a Baby,4.9,N/A,N/A,N/A,N/A,N/A,N/A,N/A
"Three Musketeers, The",N/A,N/A,N/A,N/A,N/A,N/A,N/A,N/A
Thunderbirds,4.2,36,4.1,103,20,83,36,2.6
Thunderheart,6.8,N/A,6.4,15,13,2,75,3.4
Ticker,3.5,N/A,N/A,N/A,N/A,N/A,17,2.5
Timber Falls,5.3,N/A,4.9,8,3,5,28,2.8
"Time Machine, The",7.6,N/A,N/A,N/A,N/A,N/A,N/A,N/A
Tin Cup,6.3,60,6.5,48,33,15,65,3.0
Tin Men,6.5,N/A,6.4,19,15,4,63,3.1
Tinker Tailor Soldier Spy,7.1,85,7.8,207,171,36,65,3.5
Titanic,7.7,74,8.0,178,157,21,69,3.3
TMNT,6.3,41,5.0,115,39,76,60,3.2
To Sleep with Anger,7.1,N/A,N/A,N/A,N/A,N/A,N/A,N/A
Tombstone,7.8,N/A,6.3,45,33,12,94,3.9
Tomorrow Never Dies,6.5,52,6.2,82,47,35,53,3.1
Top Gun,6.9,N/A,5.8,50,27,23,83,3.5
Total Recall,7.5,57,7.3,52,44,8,78,3.3
"Tourist, The",N/A,N/A,N/A,N/A,N/A,N/A,N/A,N/A
Toy Story,8.3,92,9.0,78,78,0,92,3.7
Traffic,7.6,86,8.0,155,143,12,85,3.6
Training Day,7.7,70,6.5,155,111,44,89,3.7
Trainspotting,8.2,83,8.3,77,69,8,93,4.0
Transformers: The Movie,7.3,N/A,5.0,19,10,9,88,3.9
Tremors,7.1,65,7.0,33,28,5,74,3.0
Tristan and Isolde,6.7,N/A,N/A,N/A,N/A,N/A,N/A,N/A
TRON,6.8,N/A,6.4,54,38,16,69,3.4
TRON: Legacy,6.8,49,5.9,229,117,112,63,3.5
Tropic Thunder,7.0,71,7.1,230,190,40,70,3.5
Troy,7.2,56,6.0,223,120,103,73,3.5
True Grit,7.7,80,8.4,262,252,10,85,4.0
True Lies,7.2,63,6.6,47,34,13,76,3.2
True Romance,8.0,57,7.5,51,47,4,93,3.9
"Truman Show, The",N/A,N/A,N/A,N/A,N/A,N/A,N/A,N/A
Twilight,5.2,56,5.4,206,99,107,72,3.9
Twilight: New Moon,N/A,N/A,N/A,N/A,N/A,N/A,N/A,N/A
Twin Peaks,8.9,N/A,N/A,N/A,N/A,N/A,13,2.1
Twins,6.0,53,4.8,29,10,19,38,2.7
Two For The Money,6.2,50,4.7,110,24,86,48,3.1
U Turn,6.8,54,6.1,49,29,20,62,3.1
"Ugly Truth, The",N/A,N/A,N/A,N/A,N/A,N/A,N/A,N/A
Unbreakable,7.2,62,6.2,161,109,52,77,3.4
Under Fire,7.1,N/A,7.1,17,15,2,68,3.3
Unforgiven,8.3,82,8.7,84,80,4,94,4.0
Unknown,6.9,56,5.8,192,107,85,55,3.4
Up,8.3,88,8.7,281,276,5,90,3.8
Up in the Air,7.4,83,8.1,269,244,25,79,3.7
"Usual Suspects, The",N/A,N/A,N/A,N/A,N/A,N/A,N/A,N/A
V for Vendetta,8.2,62,6.8,238,173,65,90,3.9
Valentine's Day,5.7,34,3.8,184,33,151,47,3.2
Valkyrie,7.1,56,6.1,193,119,74,65,3.4
Vanilla Sky,6.9,45,5.3,166,69,97,72,3.0
"Verdict, The",N/A,N/A,N/A,N/A,N/A,N/A,N/A,N/A
Vertigo,8.4,N/A,8.8,63,61,2,93,4.2
Very Bad Things,6.3,31,5.6,52,23,29,58,3.0
"Village, The",N/A,N/A,N/A,N/A,N/A,N/A,N/A,N/A
Virtuosity,5.5,39,4.3,30,10,20,32,2.8
"Visitor, The",N/A,N/A,N/A,N/A,N/A,N/A,N/A,N/A
Wag the Dog,7.1,73,7.4,72,61,11,76,3.4
"Walk to Remember, A",N/A,N/A,N/A,N/A,N/A,N/A,N/A,N/A
Walking Tall,6.2,44,4.5,135,35,100,60,3.2
Wall Street,7.4,56,6.8,49,38,11,81,3.6
Wall Street: Money Never Sleeps,6.3,59,5.9,221,121,100,44,3.1
Wall-E,8.4,94,8.5,244,235,9,89,4.2
Wanted,6.7,64,6.6,200,143,57,69,3.6
War Horse,7.2,72,7.0,217,165,52,74,3.8
War of the Worlds,6.5,73,7.0,251,186,65,42,2.9
Warm Springs,7.7,N/A,N/A,N/A,N/A,N/A,77,3.7
Warrior,8.2,71,7.3,179,147,32,92,4.3
Watchmen,7.6,56,6.3,294,190,104,70,3.4
Water for Elephants,6.9,52,6.1,189,114,75,70,3.7
"Way Back, The",N/A,N/A,N/A,N/A,N/A,N/A,N/A,N/A
We Own the Night,6.9,59,5.8,146,83,63,61,3.3
What About Bob?,7.0,60,6.5,40,33,7,79,3.3
What Lies Beneath,6.6,51,5.5,124,57,67,59,3.1
When a Stranger Calls,5.0,27,3.2,91,8,83,43,3.0
When Harry Met Sally,7.6,76,7.9,64,57,7,89,3.5
While She Was Out,4.8,40,4.6,16,5,11,17,2.4
"Whistleblower, The",N/A,N/A,N/A,N/A,N/A,N/A,N/A,N/A
White Christmas,7.6,N/A,6.6,38,29,9,89,3.8
White Jazz,N/A,N/A,N/A,N/A,N/A,N/A,N/A,N/A
"White Ribbon, The",N/A,N/A,N/A,N/A,N/A,N/A,N/A,N/A
White Squall,6.6,53,5.8,34,21,13,65,3.2
Whiteout,5.5,N/A,3.5,111,8,103,21,2.3
Who Framed Roger Rabbit?,7.7,83,8.4,62,60,2,84,3.5
Who's Your Daddy,N/A,N/A,N/A,N/A,N/A,N/A,N/A,N/A
Wild At Heart,7.3,52,6.0,46,30,16,81,3.7
"Wild Bunch, The",N/A,N/A,N/A,N/A,N/A,N/A,N/A,N/A
Wild Hogs,5.9,27,3.8,140,20,120,61,3.3
Wild Things,6.5,52,5.9,58,37,21,53,2.9
Wild Things: Diamonds in the Rough,4.5,N/A,N/A,N/A,N/A,N/A,24,2.7
Wild Wild West,4.8,38,4.1,130,22,108,28,2.7
Willow,7.3,N/A,5.6,29,14,15,80,3.4
Win Win,7.2,75,7.8,170,160,10,85,3.9
Wind Chill,5.9,52,5.2,25,12,13,31,2.8
Withnail and I,N/A,N/A,N/A,N/A,N/A,N/A,N/A,N/A
Witness,7.4,76,8.2,36,33,3,N/A,N/A
"Wizard of Oz, The",5.8,N/A,N/A,N/A,N/A,N/A,N/A,N/A
"Wolf of Wall Street, The",N/A,N/A,N/A,N/A,N/A,N/A,N/A,N/A
Wonder Boys,7.4,73,7.2,124,101,23,83,3.5
"Woodsman, The",N/A,N/A,N/A,N/A,N/A,N/A,N/A,N/A
"World is not Enough, The",N/A,N/A,N/A,N/A,N/A,N/A,N/A,N/A
"Wrestler, The",N/A,N/A,N/A,N/A,N/A,N/A,N/A,N/A
"X-Files: Fight the Future, The",N/A,N/A,N/A,N/A,N/A,N/A,N/A,N/A
X-Men,7.4,64,7.1,166,135,31,83,3.7
X-Men Origins: Wolverine,6.7,40,5.1,252,95,157,59,3.6
xXx,5.8,48,5.6,178,86,92,59,3.2
Year One,4.9,34,3.9,167,25,142,23,2.5
Yes Man,6.8,46,5.3,151,69,82,66,3.6
You Can Count On Me,7.7,85,8.1,101,96,5,88,3.9
You've Got Mail,6.5,57,6.2,83,57,26,73,3.1
Youth in Revolt,6.5,63,6.3,164,107,57,52,3.2
Zero Dark Thirty,7.4,95,8.6,262,242,20,80,4.0
Zerophilia,6.3,41,4.8,20,5,15,61,3.4
